{
  "schemaVersion": 1,
  "id": "kez-addon",
  "version": "0.1.0",
  "name": "Kez Addon",
  "description": "A meteor client addon for base hunting",
  "authors": [
    "kez"
  ],
  "contact": {
    "repo": "https://github.com/MeteorDevelopment/meteor-addon-template"
  },
  "icon": "assets/template/icon.png",
  "environment": "client",
  "entrypoints": {
    "meteor": [
      "kez.addon.KezAddon"
    ]
  },
  "mixins": [
    "kez-addon.mixins.json"
  ],
  "custom": {
    "meteor-client:color": "225,25,25"
  },
  "depends": {
    "java": ">=21",
    "minecraft": ["1.21.4"],
    "meteor-client": "*"
  }
}
